patient_id,trial_id,met,not_met,unknown,not_applicable,overall
SYN-001,NCT05950945,13,3,18,2,Excluded
SYN-001,NCT06120283,4,5,6,3,Excluded
SYN-001,NCT06625775,2,2,1,15,Excluded
SYN-001,NCT06756932,5,4,4,4,Excluded
SYN-001,NCT06757634,10,2,16,7,Excluded
SYN-001,NCT06982521,7,5,8,0,Excluded
SYN-001,NCT07062965,3,5,3,0,Excluded
SYN-001,NCT07358377,9,0,15,0,Needs Review
SYN-001,NCT07368998,8,1,7,0,Excluded
SYN-001,NCT07369505,10,2,20,20,Excluded
SYN-002,NCT05950945,12,3,20,1,Excluded
SYN-002,NCT06120283,5,4,7,2,Excluded
SYN-002,NCT06625775,3,1,4,12,Excluded
SYN-002,NCT06756932,4,4,7,2,Excluded
SYN-002,NCT06757634,10,1,21,3,Excluded
SYN-002,NCT06982521,4,1,15,0,Excluded
SYN-002,NCT07062965,2,3,6,0,Excluded
SYN-002,NCT07358377,7,0,17,0,Needs Review
SYN-002,NCT07368998,4,2,10,0,Excluded
SYN-002,NCT07369505,4,5,30,13,Excluded
SYN-003,NCT05950945,14,3,17,2,Excluded
SYN-003,NCT06120283,4,6,6,2,Excluded
SYN-003,NCT06625775,3,2,1,14,Excluded
SYN-003,NCT06756932,5,3,5,4,Excluded
SYN-003,NCT06757634,10,2,16,7,Excluded
SYN-003,NCT06982521,9,1,10,0,Excluded
SYN-003,NCT07062965,4,2,5,0,Excluded
SYN-003,NCT07358377,8,0,16,0,Needs Review
SYN-003,NCT07368998,6,2,8,0,Excluded
SYN-003,NCT07369505,7,3,27,15,Excluded
SYN-004,NCT05950945,12,4,19,1,Excluded
SYN-004,NCT06120283,6,4,6,2,Excluded
SYN-004,NCT06625775,3,2,3,12,Excluded
SYN-004,NCT06756932,5,4,4,4,Excluded
SYN-004,NCT06757634,11,1,21,2,Excluded
SYN-004,NCT06982521,7,2,11,0,Excluded
SYN-004,NCT07062965,5,2,4,0,Excluded
SYN-004,NCT07358377,9,0,15,0,Needs Review
SYN-004,NCT07368998,6,2,8,0,Excluded
SYN-004,NCT07369505,6,5,25,16,Excluded
SYN-005,NCT05950945,11,5,18,2,Excluded
SYN-005,NCT06120283,2,5,8,3,Excluded
SYN-005,NCT06625775,2,1,2,15,Excluded
SYN-005,NCT06756932,4,3,6,4,Excluded
SYN-005,NCT06757634,6,3,19,7,Excluded
SYN-005,NCT06982521,3,5,12,0,Excluded
SYN-005,NCT07062965,1,5,5,0,Excluded
SYN-005,NCT07358377,4,3,17,0,Excluded
SYN-005,NCT07368998,3,4,9,0,Excluded
SYN-005,NCT07369505,6,4,28,14,Excluded
SYN-006,NCT05950945,14,1,19,2,Excluded
SYN-006,NCT06120283,7,5,6,0,Excluded
SYN-006,NCT06625775,5,1,4,10,Excluded
SYN-006,NCT06756932,7,1,5,4,Excluded
SYN-006,NCT06757634,11,0,17,7,Needs Review
SYN-006,NCT06982521,10,1,9,0,Excluded
SYN-006,NCT07062965,5,2,4,0,Excluded
SYN-006,NCT07358377,10,0,14,0,Needs Review
SYN-006,NCT07368998,6,1,9,0,Excluded
SYN-006,NCT07369505,12,1,23,16,Excluded
SYN-007,NCT05950945,10,5,19,2,Excluded
SYN-007,NCT06120283,2,8,6,2,Excluded
SYN-007,NCT06625775,2,2,1,15,Excluded
SYN-007,NCT06756932,4,4,5,4,Excluded
SYN-007,NCT06757634,8,3,17,7,Excluded
SYN-007,NCT06982521,4,6,10,0,Excluded
SYN-007,NCT07062965,2,6,3,0,Excluded
SYN-007,NCT07358377,8,0,16,0,Needs Review
SYN-007,NCT07368998,4,4,8,0,Excluded
SYN-007,NCT07369505,6,4,23,19,Excluded
SYN-008,NCT05950945,8,4,23,1,Excluded
SYN-008,NCT06120283,2,0,16,0,Needs Review
SYN-008,NCT06625775,2,0,18,0,Needs Review
SYN-008,NCT06756932,2,0,15,0,Needs Review
SYN-008,NCT06757634,4,0,31,0,Needs Review
SYN-008,NCT06982521,2,0,18,0,Needs Review
SYN-008,NCT07062965,3,0,8,0,Needs Review
SYN-008,NCT07358377,1,0,23,0,Needs Review
SYN-008,NCT07368998,2,1,13,0,Excluded
SYN-008,NCT07369505,1,0,51,0,Needs Review
SYN-009,NCT05950945,3,2,31,0,Excluded
SYN-009,NCT06120283,1,1,16,0,Excluded
SYN-009,NCT06625775,1,1,18,0,Excluded
SYN-009,NCT06756932,1,1,15,0,Excluded
SYN-009,NCT06757634,4,0,31,0,Needs Review
SYN-009,NCT06982521,1,1,18,0,Excluded
SYN-009,NCT07062965,2,1,8,0,Excluded
SYN-009,NCT07358377,1,0,23,0,Needs Review
SYN-009,NCT07368998,3,0,13,0,Needs Review
SYN-009,NCT07369505,1,0,51,0,Needs Review
SYN-010,NCT05950945,3,2,31,0,Excluded
SYN-010,NCT06120283,2,0,16,0,Needs Review
SYN-010,NCT06625775,2,0,18,0,Needs Review
SYN-010,NCT06756932,2,0,15,0,Needs Review
SYN-010,NCT06757634,4,0,31,0,Needs Review
SYN-010,NCT06982521,2,0,18,0,Needs Review
SYN-010,NCT07062965,3,0,8,0,Needs Review
SYN-010,NCT07358377,1,0,23,0,Needs Review
SYN-010,NCT07368998,3,0,13,0,Needs Review
SYN-010,NCT07369505,1,0,51,0,Needs Review
SYN-011,NCT05950945,3,2,31,0,Excluded
SYN-011,NCT06120283,1,1,16,0,Excluded
SYN-011,NCT06625775,1,1,18,0,Excluded
SYN-011,NCT06756932,1,1,15,0,Excluded
SYN-011,NCT06757634,3,1,31,0,Excluded
SYN-011,NCT06982521,1,1,18,0,Excluded
SYN-011,NCT07062965,2,1,8,0,Excluded
SYN-011,NCT07358377,1,0,23,0,Needs Review
SYN-011,NCT07368998,3,0,13,0,Needs Review
SYN-011,NCT07369505,1,0,51,0,Needs Review
SYN-012,NCT05950945,3,2,31,0,Excluded
SYN-012,NCT06120283,1,1,16,0,Excluded
SYN-012,NCT06625775,1,1,18,0,Excluded
SYN-012,NCT06756932,1,1,15,0,Excluded
SYN-012,NCT06757634,3,1,31,0,Excluded
SYN-012,NCT06982521,1,1,18,0,Excluded
SYN-012,NCT07062965,2,1,8,0,Excluded
SYN-012,NCT07358377,1,0,23,0,Needs Review
SYN-012,NCT07368998,3,0,13,0,Needs Review
SYN-012,NCT07369505,1,0,51,0,Needs Review
SYN-013,NCT05950945,4,1,31,0,Excluded
SYN-013,NCT06120283,1,1,16,0,Excluded
SYN-013,NCT06625775,1,1,18,0,Excluded
SYN-013,NCT06756932,1,1,15,0,Excluded
SYN-013,NCT06757634,4,0,31,0,Needs Review
SYN-013,NCT06982521,1,1,18,0,Excluded
SYN-013,NCT07062965,2,1,8,0,Excluded
SYN-013,NCT07358377,1,0,23,0,Needs Review
SYN-013,NCT07368998,2,1,13,0,Excluded
SYN-013,NCT07369505,1,0,51,0,Needs Review
SYN-014,NCT05950945,5,0,31,0,Needs Review
SYN-014,NCT06120283,2,0,16,0,Needs Review
SYN-014,NCT06625775,2,0,18,0,Needs Review
SYN-014,NCT06756932,2,0,15,0,Needs Review
SYN-014,NCT06757634,4,0,31,0,Needs Review
SYN-014,NCT06982521,2,0,18,0,Needs Review
SYN-014,NCT07062965,3,0,8,0,Needs Review
SYN-014,NCT07358377,1,0,23,0,Needs Review
SYN-014,NCT07368998,3,0,13,0,Needs Review
SYN-014,NCT07369505,1,0,51,0,Needs Review
SYN-015,NCT05950945,2,3,31,0,Excluded
SYN-015,NCT06120283,1,1,16,0,Excluded
SYN-015,NCT06625775,1,1,18,0,Excluded
SYN-015,NCT06756932,1,1,15,0,Excluded
SYN-015,NCT06757634,3,1,31,0,Excluded
SYN-015,NCT06982521,1,1,18,0,Excluded
SYN-015,NCT07062965,1,2,8,0,Excluded
SYN-015,NCT07358377,1,0,23,0,Needs Review
SYN-015,NCT07368998,2,1,13,0,Excluded
SYN-015,NCT07369505,1,0,51,0,Needs Review
SYN-016,NCT05950945,2,3,31,0,Excluded
SYN-016,NCT06120283,1,1,16,0,Excluded
SYN-016,NCT06625775,1,1,18,0,Excluded
SYN-016,NCT06756932,1,1,15,0,Excluded
SYN-016,NCT06757634,4,0,31,0,Needs Review
SYN-016,NCT06982521,1,1,18,0,Excluded
SYN-016,NCT07062965,2,1,8,0,Excluded
SYN-016,NCT07358377,1,0,23,0,Needs Review
SYN-016,NCT07368998,3,0,13,0,Needs Review
SYN-016,NCT07369505,1,0,51,0,Needs Review
SYN-017,NCT05950945,2,3,31,0,Excluded
SYN-017,NCT06120283,1,1,16,0,Excluded
SYN-017,NCT06625775,1,1,18,0,Excluded
SYN-017,NCT06756932,1,1,15,0,Excluded
SYN-017,NCT06757634,3,1,31,0,Excluded
SYN-017,NCT06982521,1,1,18,0,Excluded
SYN-017,NCT07062965,2,1,8,0,Excluded
SYN-017,NCT07358377,1,0,23,0,Needs Review
SYN-017,NCT07368998,3,0,13,0,Needs Review
SYN-017,NCT07369505,1,0,51,0,Needs Review
SYN-018,NCT05950945,5,0,31,0,Needs Review
SYN-018,NCT06120283,2,0,16,0,Needs Review
SYN-018,NCT06625775,2,0,18,0,Needs Review
SYN-018,NCT06756932,2,0,15,0,Needs Review
SYN-018,NCT06757634,4,0,31,0,Needs Review
SYN-018,NCT06982521,2,0,18,0,Needs Review
SYN-018,NCT07062965,3,0,8,0,Needs Review
SYN-018,NCT07358377,1,0,23,0,Needs Review
SYN-018,NCT07368998,2,1,13,0,Excluded
SYN-018,NCT07369505,1,0,51,0,Needs Review
SYN-019,NCT05950945,3,2,31,0,Excluded
SYN-019,NCT06120283,1,1,16,0,Excluded
SYN-019,NCT06625775,1,1,18,0,Excluded
SYN-019,NCT06756932,1,1,15,0,Excluded
SYN-019,NCT06757634,4,0,31,0,Needs Review
SYN-019,NCT06982521,1,1,18,0,Excluded
SYN-019,NCT07062965,2,1,8,0,Excluded
SYN-019,NCT07358377,1,0,23,0,Needs Review
SYN-019,NCT07368998,3,0,13,0,Needs Review
SYN-019,NCT07369505,1,0,51,0,Needs Review
SYN-020,NCT05950945,4,1,31,0,Excluded
SYN-020,NCT06120283,1,1,16,0,Excluded
SYN-020,NCT06625775,1,1,18,0,Excluded
SYN-020,NCT06756932,1,1,15,0,Excluded
SYN-020,NCT06757634,4,0,31,0,Needs Review
SYN-020,NCT06982521,1,1,18,0,Excluded
SYN-020,NCT07062965,2,1,8,0,Excluded
SYN-020,NCT07358377,1,0,23,0,Needs Review
SYN-020,NCT07368998,3,0,13,0,Needs Review
SYN-020,NCT07369505,1,0,51,0,Needs Review
